username,password
guser_Azskf,zYfffMmFGd
guser_FoXLh,vEFHvWaFSz
guser_iIQVs,OoUjMdSSEl
guser_UzOhh,OJDyhVQgSe
guser_XBMRL,MSIOeLurzF
guser_MVriW,rXUsxYHFgp
guser_kmsDX,WTYEXBzziO
guser_rYrJe,OSoFFBBxXM
guser_dZiMg,FUKlWSmhqp
guser_cQZum,KaUkpZLCMS
guser_JShYN,vOuaeOHKXX
guser_SfVFw,lRVrchbFQX
guser_iIorM,nFiGJJTcwG
guser_zTXdp,XNKlWzaVSi
guser_mhxip,xgLWHyRDgd
guser_yDEHX,PqauICDNoj
guser_svmnb,lqaDeltFoe
guser_uVuky,PvYowjKHsI
guser_RJHAi,JUnzWWbPXm
guser_GOtPI,cOAqVwrFBY
guser_DWgNj,fnBUdidwMy
guser_VuhXF,ZWBVuRSfTW
guser_ZqmRH,aZjeCXLzXf
guser_QYunB,gFcyrLEwPY
guser_eiPRF,QCuurtjZYu
guser_UsKBf,uWmUqpyFXW
guser_aPtbz,YRPLTBpYJq
guser_ZLLFl,fhIgAgHLhD
guser_bntAA,bGnjYKlyhS
guser_jQqRp,nlCtSjeYBO
guser_FbqFC,jNBEJkcBGx
guser_eWyaB,UttRTmBFFn
guser_lnbdT,eVZISJoApV
guser_hTuwL,QqWQKsavZs
guser_UFQKn,jfjxVqNqlR
guser_PCcvP,tVjiCEqBqq
guser_kiCgs,swnrOnZUMw
guser_aQPUu,kIouaWZcUX
guser_mbceP,EpzLJoEVzV
guser_Mkomf,qIgpXafcHN
